point_index,x,y,z,homo_effect,homo_effect_normalized,homo_baseline
0,0.007546266666666672,0.06790003333333335,0.01808449999999996,-25.92866198514298,0.0,-13.54751904070544
